1428,180,NULL,32,NULL,NULL,NULL,NULL,NULL,NULL
19929,80,NULL,NULL,NULL,NULL,NULL,NULL,36,NULL
20748,73,28,NULL,21,NULL,NULL,NULL,NULL,NULL
21348,41,NULL,32,NULL,NULL,NULL,NULL,NULL,NULL
24874,53,22,NULL,NULL,NULL,NULL,NULL,NULL,NULL
31325,110,NULL,NULL,NULL,NULL,NULL,NULL,NULL,39
72974,96,20,NULL,NULL,NULL,NULL,NULL,NULL,NULL
87796,61,47,NULL,NULL,NULL,NULL,NULL,NULL,NULL
91607,199,99,46,NULL,NULL,NULL,NULL,NULL,NULL
99213,47,NULL,NULL,NULL,NULL,NULL,NULL,NULL,23
106616,89,33,NULL,NULL,NULL,NULL,NULL,NULL,NULL
123663,54,NULL,NULL,NULL,NULL,NULL,NULL,35,NULL
137467,57,NULL,NULL,NULL,NULL,NULL,32,NULL,NULL
149482,812,NULL,NULL,NULL,234,NULL,NULL,NULL,157
164171,130,NULL,NULL,NULL,40,NULL,NULL,NULL,29
167516,58,NULL,NULL,NULL,26,NULL,NULL,NULL,NULL
168233,28,NULL,22,NULL,NULL,NULL,NULL,NULL,NULL
182959,56,NULL,NULL,NULL,NULL,NULL,NULL,NULL,25
192901,86,42,NULL,NULL,NULL,25,NULL,NULL,NULL
193605,42,35,NULL,NULL,NULL,NULL,NULL,NULL,NULL
207524,327,38,36,NULL,NULL,NULL,NULL,NULL,41
210368,47,NULL,20,NULL,NULL,NULL,NULL,NULL,NULL
219609,44,NULL,NULL,23,NULL,NULL,NULL,NULL,NULL
229602,61,NULL,NULL,NULL,30,NULL,NULL,NULL,NULL
237690,171,NULL,NULL,NULL,32,NULL,24,NULL,NULL
237858,67,NULL,NULL,NULL,NULL,27,NULL,NULL,NULL
246114,199,NULL,NULL,30,NULL,23,23,NULL,NULL
286289,185,72,NULL,NULL,NULL,NULL,26,NULL,NULL
299375,48,NULL,NULL,NULL,NULL,NULL,NULL,20,NULL
318414,43,21,NULL,NULL,NULL,NULL,NULL,NULL,NULL
343381,74,54,NULL,NULL,NULL,NULL,NULL,NULL,NULL
356582,33,NULL,NULL,26,NULL,NULL,NULL,NULL,NULL
405017,291,NULL,NULL,95,NULL,NULL,49,NULL,NULL
419889,43,NULL,NULL,NULL,NULL,NULL,NULL,NULL,24
423316,97,NULL,NULL,38,NULL,NULL,33,41,NULL
425741,56,NULL,NULL,NULL,NULL,NULL,NULL,22,NULL
425823,76,38,NULL,NULL,NULL,NULL,NULL,NULL,NULL
476681,125,NULL,NULL,NULL,NULL,NULL,NULL,NULL,100
489046,56,NULL,NULL,NULL,NULL,NULL,NULL,29,NULL
497087,70,NULL,20,NULL,NULL,NULL,NULL,NULL,NULL
513413,318,NULL,NULL,NULL,NULL,293,NULL,NULL,NULL
517558,247,NULL,NULL,NULL,NULL,235,NULL,NULL,NULL
525146,118,NULL,27,40,NULL,NULL,52,NULL,NULL
547573,40,NULL,NULL,31,NULL,NULL,NULL,NULL,NULL
559070,77,NULL,22,NULL,NULL,24,NULL,NULL,NULL
563900,45,NULL,20,NULL,NULL,NULL,NULL,NULL,NULL
564653,129,NULL,NULL,NULL,NULL,47,NULL,NULL,NULL
613021,45,NULL,NULL,NULL,NULL,NULL,NULL,NULL,22
634042,47,NULL,NULL,NULL,NULL,NULL,NULL,NULL,26
638471,69,NULL,NULL,NULL,NULL,NULL,NULL,28,NULL
654434,129,NULL,NULL,38,NULL,NULL,22,NULL,NULL
655134,54,31,NULL,NULL,NULL,NULL,NULL,NULL,NULL
701829,131,NULL,39,NULL,NULL,NULL,NULL,NULL,NULL
703016,257,80,NULL,NULL,NULL,NULL,NULL,38,51
708095,50,37,NULL,NULL,NULL,NULL,NULL,NULL,NULL
740202,44,NULL,NULL,NULL,NULL,NULL,NULL,NULL,28
750565,74,NULL,54,NULL,NULL,NULL,NULL,NULL,NULL
752920,81,NULL,38,NULL,NULL,NULL,NULL,NULL,NULL
759536,45,NULL,22,NULL,NULL,NULL,NULL,NULL,NULL
760807,537,NULL,29,NULL,41,NULL,NULL,NULL,83
778942,73,NULL,NULL,NULL,67,NULL,NULL,NULL,NULL
783103,28,NULL,NULL,NULL,NULL,NULL,NULL,24,NULL
801919,43,NULL,31,NULL,NULL,NULL,NULL,NULL,NULL
808422,45,NULL,NULL,NULL,NULL,NULL,26,NULL,NULL
809807,57,NULL,22,NULL,NULL,NULL,NULL,NULL,NULL
819486,35,NULL,NULL,NULL,NULL,30,NULL,NULL,NULL
862688,68,NULL,NULL,29,NULL,NULL,NULL,NULL,NULL
923837,46,NULL,42,NULL,NULL,NULL,NULL,NULL,NULL
926696,119,NULL,NULL,NULL,NULL,73,NULL,NULL,NULL
937624,56,NULL,NULL,22,NULL,NULL,25,NULL,NULL
951563,32,NULL,31,NULL,NULL,NULL,NULL,NULL,NULL
951614,78,34,NULL,NULL,NULL,NULL,NULL,NULL,NULL
987864,67,NULL,NULL,NULL,NULL,NULL,NULL,29,NULL
997474,203,NULL,29,NULL,NULL,NULL,NULL,NULL,NULL
1028039,200,NULL,NULL,97,NULL,NULL,28,NULL,NULL
1030647,39,30,NULL,NULL,NULL,NULL,NULL,NULL,NULL
1059860,72,NULL,NULL,NULL,32,NULL,NULL,NULL,NULL
1110063,71,NULL,NULL,49,NULL,NULL,NULL,NULL,NULL
1126393,55,22,NULL,NULL,NULL,NULL,NULL,NULL,NULL
1146032,170,NULL,76,NULL,NULL,NULL,NULL,NULL,NULL
1153165,283,NULL,NULL,NULL,NULL,NULL,NULL,NULL,136
1166137,228,NULL,NULL,124,NULL,NULL,118,31,NULL
1168156,194,NULL,NULL,NULL,NULL,NULL,NULL,NULL,137
1178669,319,NULL,127,NULL,30,NULL,NULL,NULL,27
1185053,56,39,NULL,NULL,NULL,NULL,NULL,NULL,NULL
1185254,48,NULL,NULL,NULL,NULL,33,NULL,NULL,NULL
1196036,31,NULL,NULL,28,NULL,NULL,NULL,NULL,NULL
1219414,29,26,NULL,NULL,NULL,NULL,NULL,NULL,NULL
1223157,61,NULL,NULL,NULL,35,NULL,NULL,NULL,NULL
1226652,121,100,NULL,NULL,NULL,NULL,NULL,NULL,NULL
1298297,66,NULL,NULL,31,NULL,NULL,30,NULL,NULL
1315427,74,66,NULL,NULL,NULL,NULL,NULL,NULL,NULL
1348351,41,39,NULL,NULL,NULL,NULL,NULL,NULL,NULL
1381158,149,NULL,NULL,NULL,NULL,NULL,NULL,NULL,21
1397051,83,NULL,NULL,42,NULL,NULL,NULL,NULL,NULL
1434905,43,NULL,NULL,NULL,NULL,NULL,NULL,39,NULL
1442225,142,88,NULL,NULL,NULL,NULL,NULL,NULL,NULL
1454876,41,23,NULL,NULL,NULL,NULL,NULL,NULL,NULL
1499781,371,NULL,NULL,83,NULL,NULL,119,34,NULL
1514057,55,NULL,NULL,NULL,NULL,55,NULL,NULL,NULL
1544223,73,NULL,25,NULL,NULL,33,NULL,NULL,NULL
1576929,65,NULL,NULL,NULL,NULL,NULL,NULL,NULL,21
1607510,33,NULL,28,NULL,NULL,NULL,NULL,NULL,NULL
1613043,42,NULL,28,NULL,NULL,NULL,NULL,NULL,NULL
1673861,66,NULL,51,NULL,NULL,NULL,NULL,NULL,NULL
1699916,42,27,NULL,NULL,NULL,NULL,NULL,NULL,NULL
1751692,103,NULL,NULL,29,NULL,NULL,26,NULL,NULL
1986499,149,NULL,23,56,NULL,NULL,41,NULL,NULL
2051647,60,30,NULL,NULL,NULL,NULL,NULL,NULL,NULL
2173029,66,NULL,NULL,NULL,NULL,NULL,NULL,NULL,57
2206218,69,NULL,24,NULL,NULL,NULL,NULL,NULL,NULL
2240163,64,NULL,NULL,NULL,NULL,NULL,43,NULL,NULL
2270076,44,NULL,32,NULL,NULL,24,NULL,NULL,NULL
2340285,32,NULL,NULL,NULL,30,NULL,NULL,NULL,NULL
2534118,39,34,NULL,NULL,NULL,NULL,NULL,NULL,NULL
2556478,41,NULL,23,NULL,NULL,NULL,NULL,NULL,NULL
2582017,66,NULL,NULL,NULL,23,NULL,NULL,NULL,NULL
2657875,109,NULL,33,NULL,NULL,NULL,NULL,NULL,NULL
2776885,71,NULL,NULL,NULL,68,NULL,NULL,NULL,NULL
2788600,81,NULL,NULL,NULL,51,NULL,NULL,NULL,NULL
2865175,28,NULL,NULL,NULL,NULL,NULL,NULL,NULL,23
2914693,40,NULL,NULL,NULL,NULL,NULL,NULL,24,NULL
2950593,226,NULL,NULL,40,28,NULL,NULL,NULL,NULL
3092632,115,NULL,NULL,NULL,68,NULL,NULL,NULL,NULL
3137388,58,NULL,NULL,NULL,NULL,NULL,NULL,NULL,20
3257983,54,39,NULL,NULL,NULL,NULL,NULL,NULL,NULL
3276954,85,80,NULL,NULL,NULL,NULL,NULL,NULL,NULL
3332838,68,NULL,NULL,NULL,NULL,25,NULL,NULL,NULL
3511012,298,21,NULL,165,NULL,NULL,141,NULL,NULL
3520404,85,NULL,NULL,NULL,33,NULL,NULL,NULL,NULL
3530799,38,NULL,29,NULL,NULL,NULL,NULL,NULL,NULL
3667943,46,NULL,36,NULL,NULL,NULL,NULL,NULL,NULL
7927,61,NULL,34,NULL,NULL,NULL,NULL,NULL,NULL
36071,69,NULL,45,NULL,NULL,NULL,NULL,NULL,NULL
37643,32,22,NULL,NULL,NULL,NULL,NULL,NULL,NULL
41619,57,NULL,34,NULL,NULL,NULL,NULL,NULL,NULL
42588,60,29,NULL,NULL,NULL,NULL,NULL,NULL,NULL
50394,256,NULL,NULL,152,NULL,NULL,50,30,NULL
69882,82,NULL,NULL,NULL,27,NULL,NULL,NULL,NULL
72871,108,53,NULL,NULL,NULL,NULL,NULL,NULL,NULL
89334,58,NULL,NULL,NULL,NULL,NULL,NULL,23,NULL
124111,102,NULL,46,NULL,NULL,NULL,NULL,NULL,NULL
136733,70,31,NULL,NULL,NULL,NULL,NULL,NULL,NULL
146857,173,45,NULL,26,NULL,NULL,NULL,NULL,NULL
147562,283,NULL,NULL,NULL,80,NULL,NULL,NULL,NULL
154513,112,NULL,NULL,23,NULL,NULL,NULL,NULL,NULL
165309,237,47,NULL,NULL,NULL,NULL,NULL,NULL,NULL
173397,436,108,NULL,NULL,NULL,NULL,NULL,NULL,175
184093,25,20,NULL,NULL,NULL,NULL,NULL,NULL,NULL
184730,438,NULL,332,NULL,NULL,NULL,NULL,NULL,NULL
233615,92,NULL,NULL,20,NULL,NULL,NULL,42,NULL
241821,44,NULL,36,NULL,NULL,NULL,NULL,NULL,NULL
255439,154,NULL,NULL,NULL,NULL,NULL,NULL,67,NULL
275477,109,NULL,NULL,71,NULL,NULL,25,NULL,NULL
276232,214,NULL,73,NULL,NULL,NULL,NULL,NULL,NULL
279521,90,66,NULL,NULL,NULL,NULL,NULL,NULL,NULL
306498,32,21,NULL,NULL,NULL,NULL,NULL,NULL,NULL
307283,52,NULL,NULL,NULL,30,NULL,NULL,NULL,NULL
315386,102,NULL,NULL,NULL,NULL,50,NULL,NULL,NULL
324831,199,26,NULL,NULL,NULL,NULL,35,NULL,NULL
357034,82,NULL,NULL,36,NULL,NULL,70,NULL,NULL
358438,37,NULL,NULL,NULL,NULL,23,NULL,NULL,NULL
359156,112,NULL,24,NULL,NULL,61,NULL,NULL,NULL
364253,209,NULL,27,NULL,NULL,NULL,NULL,NULL,NULL
382906,115,39,NULL,NULL,NULL,41,NULL,NULL,NULL
392297,26,NULL,NULL,NULL,NULL,NULL,NULL,23,NULL
392684,183,NULL,NULL,22,NULL,NULL,35,NULL,NULL
396077,45,22,NULL,NULL,NULL,NULL,NULL,NULL,NULL
426894,55,35,NULL,NULL,NULL,NULL,NULL,NULL,NULL
428916,53,NULL,42,NULL,NULL,NULL,NULL,NULL,NULL
430652,70,NULL,NULL,NULL,NULL,65,NULL,NULL,NULL
466534,378,NULL,48,NULL,NULL,NULL,NULL,NULL,226
504356,51,NULL,NULL,21,NULL,NULL,NULL,NULL,NULL
512225,61,NULL,NULL,NULL,57,NULL,NULL,NULL,NULL
525965,80,NULL,47,NULL,NULL,NULL,NULL,NULL,NULL
552669,124,NULL,NULL,42,NULL,NULL,41,20,NULL
562697,50,NULL,NULL,NULL,NULL,NULL,NULL,23,NULL
572140,30,NULL,NULL,20,NULL,NULL,NULL,NULL,NULL
581164,83,43,NULL,NULL,NULL,NULL,NULL,NULL,NULL
586011,40,NULL,NULL,NULL,NULL,NULL,NULL,32,NULL
602323,339,NULL,157,NULL,NULL,NULL,NULL,NULL,42
627492,69,NULL,NULL,NULL,28,NULL,NULL,NULL,NULL
636987,230,NULL,39,NULL,NULL,NULL,NULL,NULL,NULL
672147,181,NULL,NULL,21,NULL,NULL,58,54,NULL
682662,62,NULL,41,NULL,NULL,NULL,NULL,NULL,NULL
691867,176,85,NULL,NULL,NULL,NULL,NULL,NULL,NULL
695697,41,NULL,NULL,NULL,NULL,NULL,NULL,35,NULL
710502,71,37,NULL,NULL,NULL,NULL,NULL,NULL,NULL
712741,43,NULL,27,NULL,NULL,NULL,NULL,NULL,NULL
730858,28,NULL,NULL,NULL,NULL,NULL,NULL,NULL,26
752603,207,NULL,NULL,34,NULL,NULL,NULL,95,NULL
763600,96,NULL,NULL,46,NULL,NULL,NULL,NULL,NULL
779444,39,35,NULL,NULL,NULL,NULL,NULL,NULL,NULL
784187,115,25,NULL,NULL,NULL,NULL,NULL,NULL,NULL
821692,56,40,NULL,NULL,NULL,NULL,NULL,NULL,NULL
850271,51,NULL,23,NULL,NULL,NULL,NULL,NULL,NULL
947386,107,34,NULL,NULL,NULL,NULL,NULL,NULL,NULL
951448,218,NULL,65,NULL,NULL,199,NULL,NULL,NULL
969613,104,64,NULL,NULL,NULL,NULL,NULL,NULL,NULL
973122,170,31,NULL,NULL,NULL,NULL,NULL,NULL,NULL
975129,39,NULL,NULL,NULL,NULL,NULL,NULL,NULL,28
1033422,369,NULL,38,NULL,NULL,NULL,NULL,NULL,NULL
1036530,65,NULL,NULL,NULL,28,NULL,NULL,NULL,NULL
1078678,53,NULL,NULL,NULL,NULL,43,NULL,NULL,NULL
1080800,36,21,NULL,NULL,NULL,NULL,NULL,NULL,NULL
1108811,37,NULL,NULL,NULL,NULL,31,NULL,NULL,NULL
1133011,131,NULL,121,NULL,NULL,NULL,NULL,NULL,NULL
1136506,212,39,NULL,NULL,NULL,43,NULL,NULL,NULL
1155908,31,NULL,NULL,NULL,NULL,29,NULL,NULL,NULL
1181847,87,NULL,39,NULL,NULL,NULL,NULL,NULL,20
1216775,177,NULL,142,NULL,NULL,NULL,NULL,NULL,NULL
1323785,24,NULL,NULL,NULL,NULL,NULL,NULL,NULL,20
1342183,34,NULL,NULL,21,NULL,NULL,NULL,NULL,NULL
1348721,23,20,NULL,NULL,NULL,NULL,NULL,NULL,NULL
1355252,82,NULL,NULL,NULL,NULL,72,NULL,NULL,NULL
1365697,66,NULL,NULL,27,NULL,NULL,NULL,NULL,NULL
1367705,68,NULL,NULL,NULL,NULL,NULL,NULL,NULL,20
1370995,23,NULL,NULL,NULL,NULL,NULL,NULL,22,NULL
1380723,130,NULL,28,NULL,NULL,115,NULL,NULL,NULL
1394981,32,NULL,24,NULL,NULL,NULL,NULL,NULL,NULL
1465623,69,NULL,58,NULL,NULL,NULL,NULL,NULL,NULL
1468181,76,NULL,NULL,NULL,NULL,37,NULL,NULL,NULL
1468449,51,NULL,NULL,NULL,NULL,33,NULL,NULL,NULL
1498329,30,NULL,NULL,NULL,NULL,NULL,NULL,NULL,24
1514206,39,NULL,NULL,NULL,NULL,37,NULL,NULL,NULL
1551691,48,23,NULL,NULL,NULL,NULL,NULL,NULL,NULL
1552578,28,NULL,24,NULL,NULL,NULL,NULL,NULL,NULL
1554264,87,NULL,NULL,25,NULL,NULL,NULL,NULL,NULL
1561937,77,NULL,NULL,NULL,NULL,21,NULL,NULL,NULL
1562755,54,NULL,NULL,NULL,NULL,52,NULL,NULL,NULL
1563123,74,NULL,NULL,NULL,NULL,NULL,NULL,NULL,57
1581090,693,NULL,23,28,342,116,NULL,51,NULL
1591067,106,NULL,NULL,NULL,NULL,NULL,27,24,NULL
1607462,66,NULL,NULL,23,NULL,NULL,28,23,NULL
1719369,57,27,NULL,NULL,NULL,NULL,NULL,NULL,NULL
1738522,60,NULL,NULL,NULL,NULL,NULL,20,NULL,NULL
1745291,83,NULL,NULL,NULL,NULL,NULL,NULL,NULL,27
1763507,36,NULL,31,NULL,NULL,NULL,NULL,NULL,NULL
1920368,53,NULL,NULL,32,NULL,NULL,24,NULL,NULL
1921872,256,NULL,142,NULL,NULL,155,NULL,NULL,NULL
2009197,63,56,NULL,NULL,NULL,NULL,NULL,NULL,NULL
2047987,43,NULL,NULL,NULL,NULL,29,NULL,NULL,NULL
2220174,106,NULL,NULL,NULL,NULL,NULL,NULL,NULL,31
2232273,43,NULL,NULL,21,NULL,NULL,27,NULL,NULL
2275025,40,NULL,NULL,NULL,NULL,NULL,23,NULL,NULL
2280374,71,55,NULL,NULL,NULL,NULL,NULL,NULL,NULL
2287576,206,98,NULL,NULL,NULL,NULL,NULL,NULL,NULL
2311557,58,NULL,30,NULL,NULL,NULL,NULL,NULL,NULL
2324576,177,116,NULL,NULL,NULL,NULL,NULL,NULL,NULL
2339034,50,NULL,NULL,NULL,NULL,20,NULL,NULL,NULL
2452442,137,NULL,NULL,28,NULL,NULL,NULL,NULL,NULL
2469940,42,42,NULL,NULL,NULL,NULL,NULL,NULL,NULL
2576903,81,NULL,37,NULL,NULL,29,NULL,NULL,NULL
2988464,38,NULL,NULL,NULL,26,NULL,NULL,NULL,NULL
3015268,126,NULL,NULL,NULL,22,NULL,NULL,NULL,23
3143670,74,NULL,67,NULL,NULL,NULL,NULL,NULL,NULL
3143823,347,NULL,48,NULL,NULL,118,NULL,NULL,NULL
3389828,41,NULL,29,NULL,NULL,NULL,NULL,NULL,NULL
3414900,185,NULL,NULL,NULL,NULL,NULL,NULL,NULL,175
3448806,58,46,NULL,NULL,NULL,NULL,NULL,NULL,NULL
3496570,272,NULL,47,NULL,NULL,221,NULL,NULL,NULL
3783693,45,NULL,NULL,39,NULL,NULL,NULL,NULL,NULL
3929393,83,NULL,26,NULL,NULL,NULL,NULL,NULL,NULL
4107331,20,NULL,NULL,NULL,NULL,20,NULL,NULL,NULL
4038,93,NULL,46,NULL,NULL,NULL,NULL,NULL,NULL
6276,324,155,NULL,NULL,NULL,NULL,NULL,NULL,NULL
34824,157,50,NULL,NULL,NULL,NULL,NULL,NULL,38
40872,30,23,NULL,NULL,NULL,NULL,NULL,NULL,NULL
42303,160,NULL,42,NULL,NULL,NULL,NULL,NULL,NULL
68348,29,27,NULL,NULL,NULL,NULL,NULL,NULL,NULL
80907,142,29,NULL,NULL,NULL,NULL,NULL,48,NULL
83313,40,24,NULL,NULL,NULL,NULL,NULL,NULL,NULL
90042,96,NULL,28,NULL,NULL,NULL,NULL,NULL,NULL
121626,42,NULL,NULL,NULL,NULL,NULL,NULL,21,NULL
129750,288,NULL,63,NULL,NULL,NULL,NULL,NULL,NULL
146694,27,22,NULL,NULL,NULL,NULL,NULL,NULL,NULL
147530,361,21,24,NULL,NULL,NULL,NULL,NULL,NULL
160527,45,23,NULL,NULL,NULL,NULL,NULL,NULL,NULL
202241,27,20,NULL,NULL,NULL,NULL,NULL,NULL,NULL
212878,95,NULL,NULL,61,NULL,NULL,45,NULL,NULL
213269,103,NULL,65,NULL,NULL,NULL,NULL,NULL,NULL
217649,175,NULL,NULL,25,NULL,NULL,NULL,NULL,24
226507,43,NULL,NULL,27,NULL,NULL,NULL,NULL,NULL
227209,39,26,NULL,NULL,NULL,NULL,NULL,NULL,NULL
241654,38,NULL,NULL,NULL,NULL,NULL,NULL,20,NULL
243755,151,NULL,33,NULL,NULL,NULL,NULL,NULL,NULL
261110,88,37,NULL,NULL,NULL,NULL,NULL,NULL,25
315828,86,51,NULL,NULL,NULL,NULL,NULL,NULL,NULL
325418,252,NULL,NULL,24,NULL,NULL,NULL,32,NULL
330057,171,NULL,77,NULL,NULL,NULL,NULL,NULL,25
343159,61,35,NULL,NULL,NULL,NULL,NULL,NULL,NULL
380161,51,NULL,35,NULL,NULL,NULL,NULL,NULL,NULL
385273,96,NULL,NULL,37,NULL,NULL,NULL,26,NULL
404395,57,NULL,20,NULL,NULL,NULL,NULL,NULL,NULL
404568,239,NULL,22,NULL,NULL,58,NULL,NULL,NULL
426051,21,NULL,NULL,NULL,NULL,NULL,NULL,NULL,21
457348,35,NULL,NULL,NULL,NULL,NULL,NULL,20,NULL
472245,141,NULL,NULL,NULL,NULL,NULL,NULL,NULL,77
501134,73,NULL,NULL,NULL,NULL,NULL,NULL,24,NULL
552733,35,NULL,NULL,NULL,NULL,31,NULL,NULL,NULL
590903,52,NULL,NULL,NULL,28,NULL,NULL,NULL,NULL
609630,417,NULL,NULL,42,NULL,NULL,125,203,NULL
630556,61,NULL,NULL,NULL,NULL,54,NULL,NULL,NULL
635504,45,NULL,20,NULL,NULL,NULL,NULL,NULL,NULL
641752,126,NULL,28,NULL,NULL,48,NULL,NULL,NULL
661933,56,47,NULL,NULL,NULL,NULL,NULL,NULL,NULL
699978,63,41,NULL,NULL,NULL,NULL,NULL,NULL,NULL
735912,61,NULL,NULL,NULL,NULL,NULL,30,NULL,NULL
752288,108,NULL,NULL,58,NULL,NULL,55,NULL,NULL
804289,35,32,NULL,NULL,NULL,NULL,NULL,NULL,NULL
819774,102,NULL,32,NULL,NULL,NULL,NULL,NULL,NULL
832565,109,NULL,29,NULL,NULL,NULL,NULL,NULL,NULL
832967,81,79,NULL,NULL,NULL,NULL,NULL,NULL,NULL
875317,152,44,NULL,NULL,NULL,94,NULL,NULL,NULL
923390,48,NULL,43,NULL,NULL,NULL,NULL,NULL,NULL
927002,47,NULL,NULL,NULL,NULL,NULL,21,NULL,NULL
967405,97,NULL,NULL,NULL,NULL,NULL,NULL,30,NULL
975234,77,NULL,24,NULL,NULL,NULL,NULL,NULL,NULL
978733,93,NULL,NULL,37,NULL,NULL,34,49,NULL
984415,73,NULL,NULL,26,NULL,NULL,NULL,34,NULL
1000159,36,NULL,34,NULL,NULL,NULL,NULL,NULL,NULL
1045794,106,NULL,NULL,46,NULL,NULL,21,NULL,NULL
1056958,116,NULL,36,NULL,NULL,NULL,NULL,NULL,NULL
1058319,341,NULL,230,NULL,NULL,41,NULL,NULL,NULL
1088244,92,NULL,NULL,NULL,NULL,NULL,30,NULL,NULL
1179317,133,NULL,NULL,NULL,123,NULL,NULL,NULL,NULL
1180519,191,25,NULL,40,NULL,NULL,42,NULL,NULL
1192728,309,NULL,126,NULL,NULL,86,NULL,NULL,NULL
1197699,24,NULL,22,NULL,NULL,NULL,NULL,NULL,NULL
1215460,40,NULL,NULL,NULL,NULL,NULL,NULL,22,NULL
1223946,39,NULL,NULL,NULL,23,NULL,NULL,NULL,NULL
1260882,114,NULL,28,NULL,NULL,22,NULL,NULL,NULL
1262477,146,NULL,34,NULL,NULL,NULL,NULL,NULL,NULL
1279200,141,NULL,29,NULL,NULL,50,NULL,41,NULL
1297641,121,NULL,81,NULL,NULL,NULL,NULL,NULL,NULL
1315400,39,NULL,NULL,NULL,34,NULL,NULL,NULL,NULL
1454671,32,NULL,NULL,NULL,NULL,NULL,NULL,20,NULL
1458617,343,NULL,NULL,NULL,NULL,NULL,NULL,NULL,196
1503237,127,NULL,52,NULL,NULL,NULL,NULL,NULL,NULL
1519058,95,NULL,NULL,NULL,NULL,NULL,NULL,72,NULL
1526669,31,NULL,26,NULL,NULL,NULL,NULL,NULL,NULL
1553886,105,NULL,NULL,NULL,NULL,NULL,NULL,NULL,55
1633931,73,NULL,NULL,NULL,NULL,NULL,NULL,NULL,27
1845545,83,27,NULL,NULL,NULL,NULL,NULL,NULL,NULL
1873994,56,NULL,NULL,NULL,30,NULL,NULL,NULL,NULL
2145138,47,NULL,30,NULL,NULL,NULL,NULL,NULL,NULL
2178164,39,NULL,NULL,NULL,30,NULL,NULL,NULL,NULL
2302661,216,NULL,NULL,79,NULL,NULL,31,37,NULL
2310594,97,NULL,NULL,42,NULL,NULL,43,NULL,NULL
2324298,163,NULL,NULL,NULL,134,NULL,NULL,NULL,NULL
2333145,31,NULL,21,NULL,NULL,NULL,NULL,NULL,NULL
2377399,209,56,NULL,NULL,NULL,NULL,NULL,NULL,45
2485799,26,NULL,21,NULL,NULL,NULL,NULL,NULL,NULL
2781852,40,NULL,NULL,NULL,NULL,31,NULL,NULL,NULL
2808624,43,NULL,NULL,NULL,NULL,39,NULL,NULL,NULL
2872191,60,NULL,NULL,36,NULL,NULL,23,NULL,NULL
3186358,60,NULL,NULL,20,NULL,NULL,NULL,NULL,NULL
3196511,33,32,NULL,NULL,NULL,NULL,NULL,NULL,NULL
3338710,29,28,NULL,NULL,NULL,NULL,NULL,NULL,NULL
3413239,67,NULL,NULL,NULL,38,NULL,NULL,NULL,NULL
3428422,47,34,NULL,NULL,NULL,NULL,NULL,NULL,NULL
4261131,50,31,NULL,NULL,NULL,NULL,NULL,NULL,NULL
4364145,26,20,NULL,NULL,NULL,NULL,NULL,NULL,NULL
4510954,95,46,NULL,NULL,26,NULL,NULL,NULL,NULL
5019550,38,NULL,21,NULL,NULL,NULL,NULL,NULL,NULL
5319229,103,NULL,NULL,NULL,54,NULL,NULL,NULL,NULL
5438323,29,NULL,NULL,23,NULL,NULL,NULL,NULL,NULL
5679985,102,NULL,NULL,26,NULL,NULL,NULL,NULL,NULL
5735244,59,NULL,48,NULL,NULL,NULL,NULL,NULL,NULL
5757338,52,NULL,NULL,NULL,47,NULL,NULL,NULL,NULL
5890572,24,NULL,NULL,NULL,NULL,NULL,NULL,NULL,20
5941778,41,NULL,NULL,NULL,36,NULL,NULL,NULL,NULL
6108366,30,NULL,NULL,NULL,22,NULL,NULL,NULL,NULL
7180331,35,NULL,NULL,24,NULL,NULL,NULL,NULL,NULL
7930353,57,22,NULL,NULL,NULL,NULL,NULL,NULL,NULL
8442666,153,NULL,43,NULL,NULL,149,NULL,NULL,NULL
9119186,68,NULL,NULL,33,NULL,NULL,NULL,NULL,NULL
10234240,54,NULL,39,NULL,NULL,NULL,NULL,NULL,NULL
11579387,49,NULL,NULL,NULL,36,NULL,NULL,NULL,NULL
338,129,24,22,NULL,NULL,NULL,NULL,NULL,NULL
4257,124,NULL,25,31,NULL,NULL,NULL,NULL,NULL
6722,126,72,NULL,NULL,NULL,NULL,NULL,NULL,NULL
7708,49,NULL,40,NULL,NULL,NULL,NULL,NULL,NULL
8026,46,NULL,29,NULL,NULL,NULL,NULL,NULL,NULL
41021,326,26,NULL,51,NULL,NULL,NULL,37,NULL
41543,134,74,NULL,NULL,NULL,NULL,NULL,NULL,NULL
84234,27,NULL,NULL,NULL,NULL,NULL,NULL,22,NULL
108234,101,27,NULL,NULL,NULL,NULL,NULL,NULL,NULL
130015,267,112,NULL,29,NULL,NULL,53,NULL,NULL
162296,72,21,NULL,NULL,NULL,NULL,NULL,NULL,NULL
173292,55,NULL,NULL,NULL,40,NULL,NULL,NULL,NULL
185235,70,NULL,NULL,NULL,NULL,NULL,NULL,NULL,37
214547,96,NULL,NULL,NULL,NULL,NULL,NULL,29,NULL
218284,139,NULL,22,NULL,NULL,46,NULL,NULL,NULL
230884,171,NULL,NULL,NULL,49,NULL,NULL,NULL,36
239333,82,NULL,33,NULL,NULL,NULL,NULL,NULL,NULL
266827,70,NULL,30,NULL,NULL,NULL,NULL,NULL,NULL
276101,624,NULL,506,NULL,NULL,NULL,NULL,NULL,NULL
283296,421,NULL,NULL,NULL,166,NULL,NULL,NULL,NULL
285550,144,NULL,23,NULL,NULL,130,NULL,NULL,NULL
322897,47,NULL,39,NULL,NULL,NULL,NULL,NULL,NULL
347904,49,26,NULL,NULL,NULL,NULL,NULL,NULL,NULL
360840,149,46,NULL,NULL,NULL,NULL,NULL,NULL,NULL
366817,243,NULL,NULL,NULL,NULL,NULL,NULL,NULL,93
375941,45,NULL,24,NULL,NULL,NULL,NULL,NULL,NULL
392485,75,26,NULL,NULL,26,NULL,NULL,NULL,NULL
400048,123,NULL,33,NULL,NULL,NULL,NULL,NULL,26
402081,96,69,NULL,NULL,NULL,NULL,NULL,NULL,NULL
402531,63,26,NULL,NULL,NULL,NULL,NULL,NULL,NULL
430775,361,NULL,NULL,211,NULL,NULL,104,28,NULL
469029,48,NULL,23,NULL,NULL,NULL,NULL,NULL,NULL
474563,208,NULL,NULL,NULL,47,NULL,NULL,NULL,NULL
476024,85,72,NULL,NULL,NULL,NULL,NULL,NULL,NULL
484780,184,NULL,NULL,100,NULL,NULL,53,NULL,NULL
489260,65,NULL,NULL,NULL,NULL,NULL,NULL,26,NULL
492361,32,27,NULL,NULL,NULL,NULL,NULL,NULL,NULL
509205,82,NULL,NULL,NULL,36,NULL,NULL,NULL,NULL
518004,75,NULL,50,NULL,NULL,NULL,NULL,NULL,NULL
554279,108,NULL,69,NULL,NULL,NULL,NULL,NULL,NULL
559827,144,NULL,NULL,NULL,65,NULL,NULL,NULL,NULL
605737,48,NULL,NULL,20,NULL,NULL,NULL,NULL,NULL
618948,39,NULL,NULL,28,NULL,NULL,NULL,NULL,NULL
633438,163,88,NULL,45,NULL,NULL,27,NULL,NULL
657477,189,91,NULL,NULL,NULL,NULL,NULL,NULL,NULL
666487,61,NULL,NULL,NULL,NULL,NULL,22,NULL,NULL
678855,169,NULL,NULL,39,NULL,NULL,43,66,NULL
706295,124,NULL,38,21,NULL,NULL,NULL,NULL,NULL
706363,90,NULL,NULL,29,NULL,NULL,42,NULL,NULL
712104,115,26,NULL,NULL,NULL,NULL,NULL,NULL,NULL
729820,219,24,NULL,NULL,NULL,NULL,55,NULL,NULL
805660,48,NULL,27,NULL,NULL,NULL,NULL,NULL,NULL
815295,47,NULL,NULL,24,NULL,NULL,NULL,NULL,NULL
822229,125,NULL,NULL,NULL,NULL,NULL,26,NULL,NULL
850366,172,NULL,29,24,NULL,NULL,NULL,NULL,NULL
852063,141,NULL,NULL,NULL,NULL,NULL,NULL,NULL,75
864027,111,20,NULL,NULL,NULL,NULL,NULL,NULL,34
865188,83,NULL,68,NULL,NULL,NULL,NULL,NULL,NULL
891814,50,NULL,32,NULL,NULL,NULL,NULL,NULL,NULL
961363,75,NULL,NULL,NULL,NULL,24,NULL,NULL,NULL
977800,90,NULL,61,NULL,NULL,37,NULL,NULL,NULL
1000510,145,NULL,NULL,NULL,NULL,NULL,40,NULL,NULL
1012885,31,NULL,NULL,NULL,NULL,NULL,20,NULL,NULL
1062328,25,25,NULL,NULL,NULL,NULL,NULL,NULL,NULL
1076743,96,NULL,NULL,74,NULL,NULL,NULL,21,NULL
1145674,44,NULL,33,NULL,NULL,NULL,NULL,NULL,NULL
1218317,75,NULL,20,NULL,25,NULL,NULL,NULL,NULL
1225880,36,NULL,NULL,NULL,NULL,22,NULL,NULL,NULL
1251684,87,NULL,NULL,NULL,NULL,NULL,23,50,NULL
1376885,56,NULL,NULL,NULL,NULL,32,NULL,NULL,NULL
1415064,57,NULL,33,NULL,NULL,NULL,NULL,NULL,NULL
1432144,36,32,NULL,NULL,NULL,NULL,NULL,NULL,NULL
1448906,47,NULL,21,NULL,NULL,NULL,NULL,NULL,NULL
1488814,41,NULL,NULL,NULL,NULL,24,NULL,NULL,NULL
1501457,28,NULL,20,NULL,NULL,NULL,NULL,NULL,NULL
1555823,178,NULL,NULL,NULL,NULL,NULL,NULL,NULL,141
1641552,44,NULL,NULL,NULL,NULL,34,NULL,NULL,NULL
1647457,66,NULL,58,NULL,NULL,NULL,NULL,NULL,NULL
1665416,62,NULL,NULL,NULL,NULL,NULL,NULL,43,NULL
1682403,28,27,NULL,NULL,NULL,NULL,NULL,NULL,NULL
1701087,53,30,NULL,NULL,NULL,NULL,NULL,NULL,NULL
1732418,102,NULL,20,NULL,NULL,NULL,NULL,NULL,NULL
1770579,31,27,NULL,NULL,NULL,NULL,NULL,NULL,NULL
1785730,84,NULL,NULL,NULL,NULL,40,NULL,NULL,NULL
1798187,119,NULL,NULL,NULL,30,NULL,NULL,NULL,60
1827417,95,28,NULL,NULL,NULL,NULL,NULL,NULL,NULL
1854382,125,23,NULL,NULL,NULL,NULL,NULL,NULL,NULL
1903668,34,25,NULL,NULL,NULL,NULL,NULL,NULL,NULL
1906076,36,NULL,27,NULL,NULL,NULL,NULL,NULL,NULL
2001811,52,NULL,NULL,NULL,22,NULL,NULL,NULL,NULL
2059996,83,NULL,NULL,26,NULL,NULL,25,26,NULL
2077201,69,NULL,NULL,NULL,NULL,NULL,NULL,NULL,23
2186744,51,NULL,NULL,NULL,NULL,38,NULL,NULL,NULL
2193957,30,20,NULL,NULL,NULL,NULL,NULL,NULL,NULL
2200766,36,NULL,NULL,NULL,NULL,NULL,NULL,28,NULL
2268997,139,NULL,NULL,NULL,NULL,NULL,NULL,53,NULL
2394816,110,48,NULL,NULL,NULL,NULL,NULL,NULL,NULL
2535611,116,NULL,NULL,NULL,77,NULL,NULL,NULL,NULL
2569042,73,NULL,NULL,NULL,51,NULL,NULL,NULL,NULL
2611440,86,NULL,NULL,NULL,35,NULL,NULL,NULL,31
2614691,50,22,NULL,NULL,NULL,NULL,NULL,NULL,NULL
2707697,73,NULL,NULL,NULL,NULL,NULL,NULL,NULL,20
2786156,134,NULL,34,30,NULL,NULL,NULL,NULL,48
2840111,27,21,NULL,NULL,NULL,NULL,NULL,NULL,NULL
2877029,73,NULL,29,NULL,NULL,NULL,NULL,NULL,NULL
2910721,42,NULL,NULL,23,NULL,NULL,40,NULL,NULL
2911357,202,NULL,94,NULL,NULL,NULL,NULL,NULL,NULL
3014866,87,NULL,51,NULL,NULL,NULL,NULL,NULL,NULL
3117628,67,NULL,NULL,NULL,NULL,23,27,NULL,NULL
3165621,99,NULL,NULL,NULL,NULL,93,NULL,NULL,NULL
3484093,25,NULL,NULL,NULL,NULL,NULL,NULL,22,NULL
3511819,82,NULL,NULL,NULL,62,NULL,NULL,NULL,NULL
3547347,86,34,NULL,23,NULL,NULL,NULL,NULL,NULL
3554485,43,NULL,NULL,NULL,NULL,31,NULL,NULL,NULL
3577195,71,43,NULL,NULL,NULL,NULL,NULL,NULL,NULL
3590067,256,NULL,NULL,NULL,238,NULL,NULL,NULL,NULL
3603935,52,NULL,NULL,NULL,NULL,48,NULL,NULL,NULL
3668129,142,NULL,49,NULL,NULL,NULL,NULL,NULL,22
3736649,30,25,NULL,NULL,NULL,NULL,NULL,NULL,NULL
3900951,57,NULL,NULL,NULL,NULL,NULL,NULL,NULL,29
4274475,186,NULL,NULL,45,NULL,NULL,58,30,NULL
4279598,68,38,NULL,NULL,NULL,NULL,NULL,NULL,NULL
4294506,23,NULL,NULL,NULL,20,NULL,NULL,NULL,NULL
4348643,62,24,NULL,NULL,NULL,NULL,26,NULL,NULL
4352930,173,NULL,NULL,NULL,143,NULL,NULL,NULL,NULL
4414359,97,NULL,NULL,NULL,61,NULL,NULL,NULL,NULL
4505493,24,NULL,NULL,NULL,NULL,NULL,NULL,20,NULL
4513163,32,32,NULL,NULL,NULL,NULL,NULL,NULL,NULL
4782067,74,NULL,NULL,24,NULL,NULL,24,37,NULL
4888684,53,28,NULL,NULL,NULL,NULL,NULL,NULL,NULL
4958965,57,23,NULL,NULL,NULL,NULL,NULL,NULL,NULL
5029893,54,NULL,NULL,41,NULL,NULL,42,NULL,NULL
214,111,88,NULL,NULL,NULL,NULL,NULL,NULL,NULL
1569,97,37,NULL,NULL,NULL,NULL,NULL,NULL,NULL
4411,103,NULL,40,NULL,NULL,NULL,NULL,NULL,NULL
17211,88,27,NULL,NULL,NULL,NULL,NULL,NULL,NULL
28190,118,NULL,52,NULL,NULL,NULL,NULL,NULL,NULL
46810,79,25,NULL,NULL,NULL,NULL,NULL,NULL,NULL
51841,71,34,NULL,NULL,NULL,NULL,NULL,NULL,NULL
54964,515,NULL,NULL,NULL,42,NULL,NULL,NULL,NULL
72014,31,30,NULL,NULL,NULL,NULL,NULL,NULL,NULL
79685,42,NULL,27,NULL,NULL,NULL,NULL,NULL,NULL
93770,59,37,NULL,NULL,NULL,NULL,NULL,NULL,NULL
105570,79,31,NULL,NULL,NULL,NULL,NULL,NULL,NULL
108714,37,28,NULL,NULL,NULL,NULL,NULL,NULL,NULL
113124,126,NULL,NULL,NULL,NULL,NULL,NULL,NULL,32
121665,49,NULL,20,NULL,NULL,NULL,NULL,NULL,NULL
147601,130,NULL,52,NULL,NULL,NULL,NULL,26,NULL
157027,54,NULL,47,NULL,NULL,NULL,NULL,NULL,NULL
166940,102,NULL,NULL,NULL,NULL,20,NULL,NULL,NULL
211528,194,NULL,29,NULL,NULL,NULL,NULL,NULL,59
222892,39,NULL,26,NULL,NULL,NULL,NULL,NULL,NULL
233254,151,NULL,NULL,NULL,NULL,NULL,NULL,NULL,130
239219,613,NULL,NULL,NULL,NULL,64,NULL,NULL,NULL
265627,45,32,NULL,NULL,NULL,NULL,NULL,NULL,NULL
286802,106,NULL,NULL,NULL,NULL,39,NULL,NULL,NULL
337055,47,NULL,NULL,NULL,NULL,NULL,NULL,29,NULL
342518,31,NULL,23,NULL,NULL,NULL,NULL,NULL,NULL
346332,213,70,NULL,NULL,NULL,NULL,NULL,NULL,127
348938,78,21,NULL,NULL,NULL,NULL,NULL,NULL,NULL
350810,103,NULL,NULL,NULL,NULL,NULL,NULL,NULL,53
409102,145,NULL,NULL,NULL,NULL,NULL,NULL,NULL,41
418413,347,NULL,NULL,89,118,NULL,46,NULL,NULL
434089,38,NULL,29,NULL,NULL,NULL,NULL,NULL,NULL
444668,49,NULL,25,NULL,NULL,NULL,NULL,NULL,NULL
453590,83,NULL,30,23,NULL,NULL,NULL,NULL,NULL
481602,157,NULL,67,NULL,NULL,NULL,NULL,NULL,NULL
485978,28,NULL,20,NULL,NULL,NULL,NULL,NULL,NULL
504864,40,NULL,NULL,NULL,NULL,22,NULL,NULL,NULL
545127,334,NULL,175,NULL,NULL,NULL,NULL,NULL,55
578615,75,NULL,27,NULL,NULL,64,NULL,NULL,NULL
607846,55,NULL,NULL,NULL,28,NULL,NULL,NULL,NULL
627098,75,NULL,NULL,24,NULL,NULL,51,NULL,NULL
638028,103,NULL,56,NULL,NULL,NULL,NULL,NULL,NULL
675100,131,28,NULL,NULL,NULL,NULL,NULL,NULL,44
680578,94,NULL,NULL,28,NULL,NULL,24,28,NULL
709426,63,NULL,NULL,NULL,NULL,27,NULL,NULL,NULL
730265,47,NULL,NULL,NULL,35,NULL,NULL,NULL,NULL
767920,79,NULL,NULL,NULL,NULL,NULL,22,NULL,NULL
771964,35,NULL,30,NULL,NULL,NULL,NULL,NULL,NULL
774236,128,NULL,NULL,NULL,NULL,NULL,NULL,NULL,59
785349,299,NULL,102,21,NULL,NULL,NULL,NULL,NULL
813159,99,NULL,39,NULL,NULL,NULL,NULL,NULL,NULL
831913,64,30,NULL,NULL,NULL,NULL,NULL,NULL,NULL
862380,170,NULL,NULL,NULL,156,NULL,NULL,NULL,NULL
874927,32,NULL,NULL,NULL,NULL,21,NULL,NULL,NULL
894532,509,NULL,31,90,NULL,46,NULL,32,NULL
896670,40,20,NULL,NULL,NULL,NULL,NULL,NULL,NULL
914054,53,38,NULL,NULL,NULL,NULL,NULL,NULL,NULL
967232,50,NULL,NULL,NULL,NULL,30,NULL,NULL,NULL
1025475,105,48,NULL,NULL,NULL,NULL,NULL,NULL,NULL
1060205,121,NULL,23,54,NULL,NULL,37,NULL,NULL
1077485,98,NULL,NULL,NULL,NULL,NULL,22,NULL,NULL
1088313,41,NULL,NULL,21,NULL,NULL,NULL,NULL,NULL
1146022,119,NULL,NULL,56,NULL,NULL,22,NULL,NULL
1155650,166,26,NULL,NULL,NULL,NULL,NULL,NULL,122
1169720,99,32,NULL,NULL,NULL,NULL,NULL,NULL,NULL
1179880,41,29,NULL,NULL,NULL,NULL,NULL,NULL,NULL
1187936,37,NULL,NULL,NULL,NULL,21,NULL,NULL,NULL
1191027,106,NULL,89,NULL,NULL,NULL,NULL,NULL,NULL
1274425,30,27,NULL,NULL,NULL,NULL,NULL,NULL,NULL
1318162,71,NULL,NULL,NULL,NULL,52,NULL,NULL,NULL
1335340,43,NULL,NULL,NULL,21,NULL,NULL,NULL,NULL
1357015,177,NULL,NULL,NULL,24,NULL,21,NULL,NULL
1447048,35,NULL,31,NULL,NULL,NULL,NULL,NULL,NULL
1479536,33,23,NULL,NULL,NULL,NULL,NULL,NULL,NULL
1522454,112,NULL,34,NULL,20,NULL,NULL,NULL,NULL
1576804,82,NULL,NULL,NULL,30,NULL,NULL,NULL,21
1601336,80,NULL,60,NULL,NULL,NULL,NULL,NULL,NULL
1658526,24,NULL,NULL,NULL,NULL,NULL,NULL,21,NULL
1737425,184,NULL,NULL,51,NULL,30,NULL,NULL,NULL
1766890,67,NULL,NULL,NULL,NULL,54,NULL,NULL,NULL
1768343,59,38,NULL,NULL,NULL,NULL,NULL,NULL,NULL
1821057,44,21,NULL,NULL,NULL,NULL,NULL,NULL,NULL
1882740,122,NULL,NULL,103,NULL,NULL,105,NULL,NULL
2091346,36,NULL,NULL,NULL,NULL,NULL,25,NULL,NULL
2136202,108,NULL,NULL,31,NULL,NULL,89,NULL,NULL
2155605,200,NULL,44,NULL,NULL,167,NULL,NULL,NULL
2274782,43,NULL,31,NULL,NULL,NULL,NULL,NULL,NULL
2436175,267,NULL,NULL,NULL,NULL,NULL,NULL,NULL,150
2456263,122,NULL,NULL,47,NULL,NULL,NULL,NULL,NULL
2474681,30,NULL,NULL,NULL,NULL,25,NULL,NULL,NULL
2548283,91,NULL,NULL,NULL,NULL,NULL,21,NULL,NULL
2591316,33,NULL,NULL,NULL,NULL,30,NULL,NULL,NULL
2592903,37,22,NULL,NULL,NULL,NULL,NULL,NULL,NULL
2699580,65,41,NULL,NULL,NULL,NULL,NULL,NULL,NULL
2714301,221,NULL,NULL,26,NULL,NULL,NULL,NULL,NULL
2737131,73,NULL,NULL,26,NULL,NULL,NULL,NULL,NULL
2794221,50,NULL,NULL,NULL,NULL,NULL,NULL,25,NULL
2817602,42,NULL,NULL,NULL,31,NULL,NULL,NULL,NULL
2886575,81,NULL,NULL,NULL,54,NULL,NULL,NULL,NULL
2895667,68,21,NULL,NULL,NULL,NULL,NULL,NULL,NULL
2895833,38,NULL,28,NULL,NULL,NULL,NULL,NULL,NULL
3013623,62,NULL,NULL,26,NULL,NULL,26,NULL,NULL
3042971,25,NULL,NULL,NULL,NULL,25,NULL,NULL,NULL
3067018,30,NULL,28,NULL,NULL,NULL,NULL,NULL,NULL
3276411,35,NULL,NULL,NULL,NULL,22,NULL,NULL,NULL
3317808,71,NULL,22,NULL,27,NULL,NULL,NULL,NULL
3384458,37,21,NULL,NULL,NULL,NULL,NULL,NULL,NULL
3650835,47,NULL,NULL,23,NULL,NULL,NULL,NULL,NULL
3929933,112,NULL,NULL,60,NULL,NULL,NULL,NULL,NULL
3992939,27,NULL,24,NULL,NULL,NULL,NULL,NULL,NULL
4139143,65,NULL,NULL,NULL,61,NULL,NULL,NULL,NULL
4708186,53,NULL,NULL,NULL,21,NULL,NULL,NULL,NULL
4806820,59,NULL,NULL,NULL,51,NULL,NULL,NULL,NULL
4853331,46,NULL,NULL,NULL,NULL,29,NULL,NULL,NULL
4880924,121,23,NULL,NULL,NULL,NULL,NULL,NULL,NULL
5098454,39,32,NULL,NULL,NULL,NULL,NULL,NULL,NULL
5143208,39,NULL,NULL,NULL,31,NULL,NULL,NULL,NULL
5149345,137,NULL,56,47,NULL,NULL,NULL,NULL,NULL
5549354,87,NULL,NULL,47,NULL,NULL,20,NULL,NULL
5661749,71,NULL,NULL,29,NULL,NULL,NULL,NULL,NULL
5942100,95,NULL,NULL,NULL,22,NULL,NULL,NULL,NULL
6022937,28,NULL,23,NULL,NULL,NULL,NULL,NULL,NULL
6164172,292,NULL,NULL,20,23,NULL,NULL,NULL,83
6216235,59,NULL,NULL,29,NULL,NULL,NULL,NULL,NULL
6723642,27,NULL,NULL,NULL,21,NULL,NULL,NULL,NULL
7301792,332,NULL,NULL,NULL,148,NULL,21,NULL,NULL
7307172,94,NULL,NULL,NULL,37,NULL,NULL,NULL,NULL
7952542,52,NULL,NULL,NULL,25,NULL,NULL,NULL,NULL
7996196,38,NULL,NULL,30,NULL,NULL,NULL,NULL,NULL
8188120,62,NULL,NULL,NULL,58,NULL,NULL,NULL,NULL
8535087,27,NULL,22,NULL,NULL,NULL,NULL,NULL,NULL
8891397,107,NULL,40,30,NULL,NULL,NULL,NULL,NULL
4376,138,NULL,NULL,26,NULL,NULL,32,29,NULL
7603,43,NULL,NULL,NULL,23,NULL,NULL,NULL,NULL
68452,77,NULL,NULL,NULL,NULL,NULL,NULL,46,NULL
70339,83,NULL,NULL,NULL,NULL,NULL,45,NULL,NULL
87238,45,NULL,NULL,NULL,NULL,NULL,NULL,28,NULL
87302,121,32,NULL,NULL,NULL,NULL,NULL,NULL,NULL
112355,49,33,NULL,NULL,NULL,NULL,NULL,NULL,NULL
117069,105,43,NULL,NULL,NULL,NULL,NULL,NULL,NULL
120243,81,49,NULL,NULL,NULL,NULL,NULL,NULL,NULL
130758,424,210,90,NULL,32,NULL,NULL,NULL,25
133566,102,21,NULL,NULL,NULL,NULL,NULL,NULL,NULL
156458,559,NULL,NULL,NULL,94,NULL,NULL,NULL,52
197606,74,NULL,NULL,NULL,NULL,NULL,NULL,41,NULL
223863,46,NULL,NULL,21,NULL,NULL,NULL,NULL,NULL
270287,350,39,NULL,NULL,NULL,NULL,NULL,NULL,64
274601,33,21,NULL,NULL,NULL,NULL,NULL,NULL,NULL
312907,206,98,NULL,NULL,NULL,NULL,NULL,NULL,NULL
332578,477,NULL,NULL,62,NULL,55,NULL,NULL,NULL
336186,123,51,NULL,NULL,NULL,NULL,NULL,NULL,NULL
337522,254,NULL,22,88,NULL,NULL,79,43,NULL
339428,136,NULL,NULL,NULL,NULL,86,NULL,NULL,NULL
365985,195,NULL,NULL,57,NULL,NULL,27,NULL,NULL
378968,36,NULL,33,NULL,NULL,NULL,NULL,NULL,NULL
403455,194,NULL,73,NULL,NULL,79,NULL,NULL,NULL
420667,51,42,NULL,NULL,NULL,NULL,NULL,NULL,NULL
456065,114,NULL,NULL,NULL,NULL,NULL,NULL,NULL,38
469935,127,NULL,NULL,NULL,NULL,NULL,NULL,NULL,114
484390,88,49,NULL,NULL,NULL,NULL,NULL,NULL,NULL
486262,35,NULL,NULL,NULL,25,NULL,NULL,NULL,NULL
495488,49,NULL,NULL,NULL,NULL,NULL,NULL,31,NULL
508175,29,NULL,NULL,NULL,NULL,NULL,NULL,NULL,27
586706,107,NULL,NULL,NULL,NULL,NULL,23,35,NULL
604388,49,NULL,NULL,NULL,NULL,48,NULL,NULL,NULL
606543,61,41,NULL,NULL,NULL,NULL,NULL,NULL,NULL
630407,83,NULL,NULL,NULL,NULL,21,NULL,NULL,NULL
632998,106,NULL,NULL,NULL,NULL,NULL,28,NULL,NULL
654928,142,NULL,42,21,NULL,NULL,NULL,NULL,26
661078,37,NULL,NULL,NULL,NULL,25,NULL,NULL,NULL
809565,111,NULL,22,NULL,NULL,54,NULL,NULL,NULL
846550,66,NULL,NULL,NULL,NULL,NULL,NULL,NULL,35
863564,76,36,NULL,NULL,NULL,NULL,NULL,NULL,NULL
863713,101,NULL,NULL,NULL,80,NULL,NULL,NULL,NULL
896588,64,NULL,47,NULL,NULL,NULL,NULL,NULL,NULL
901083,42,21,NULL,NULL,NULL,NULL,NULL,NULL,NULL
915672,324,NULL,22,129,NULL,NULL,42,NULL,NULL
968801,196,NULL,NULL,87,NULL,20,NULL,NULL,NULL
982824,32,24,NULL,NULL,NULL,NULL,NULL,NULL,NULL
985383,92,NULL,NULL,26,NULL,NULL,NULL,NULL,NULL
993588,55,NULL,NULL,NULL,NULL,NULL,27,NULL,NULL
1003363,27,NULL,NULL,NULL,NULL,21,NULL,NULL,NULL
1009466,240,NULL,NULL,64,NULL,NULL,51,30,NULL
1021115,47,32,NULL,NULL,NULL,NULL,NULL,NULL,NULL
1026459,159,33,NULL,47,NULL,NULL,28,NULL,NULL
1038812,47,NULL,NULL,34,NULL,NULL,NULL,NULL,NULL
1039044,30,NULL,NULL,NULL,NULL,NULL,NULL,NULL,20
1143917,69,NULL,NULL,33,NULL,NULL,28,NULL,NULL
1162201,43,25,NULL,NULL,NULL,NULL,NULL,NULL,NULL
1166981,55,22,NULL,NULL,NULL,NULL,NULL,NULL,NULL
1173112,104,NULL,26,NULL,NULL,NULL,NULL,30,NULL
1174750,115,26,NULL,NULL,NULL,NULL,NULL,NULL,NULL
1174869,237,NULL,50,NULL,NULL,186,NULL,NULL,NULL
1185997,56,NULL,NULL,NULL,NULL,NULL,NULL,21,NULL
1192466,41,27,NULL,NULL,NULL,NULL,NULL,NULL,NULL
1205868,28,NULL,NULL,NULL,NULL,NULL,NULL,23,NULL
1221444,38,NULL,NULL,NULL,NULL,NULL,NULL,NULL,21
1340755,135,115,NULL,NULL,NULL,NULL,NULL,NULL,NULL
1352755,282,NULL,NULL,NULL,NULL,98,NULL,NULL,NULL
1368216,29,NULL,NULL,NULL,NULL,NULL,NULL,27,NULL
1383356,260,NULL,NULL,34,NULL,NULL,NULL,NULL,NULL
1420724,48,NULL,NULL,NULL,NULL,NULL,NULL,28,NULL
1489095,40,NULL,29,NULL,NULL,NULL,NULL,NULL,NULL
1561559,58,NULL,NULL,44,NULL,NULL,NULL,NULL,NULL
1615192,58,54,NULL,NULL,NULL,NULL,NULL,NULL,NULL
1665662,35,22,NULL,NULL,NULL,NULL,NULL,NULL,NULL
1699388,38,NULL,NULL,NULL,NULL,NULL,NULL,24,NULL
1760858,45,NULL,NULL,NULL,NULL,32,NULL,NULL,NULL
1770601,185,NULL,54,NULL,29,NULL,NULL,NULL,26
1775598,77,NULL,NULL,21,NULL,NULL,NULL,33,NULL
1837134,45,NULL,25,NULL,NULL,NULL,NULL,NULL,NULL
1956207,115,NULL,NULL,NULL,NULL,NULL,NULL,23,NULL
2006447,115,NULL,NULL,38,NULL,NULL,27,NULL,NULL
2062450,65,NULL,NULL,NULL,NULL,NULL,NULL,22,NULL
2098614,86,NULL,NULL,NULL,NULL,NULL,20,NULL,NULL
2161954,38,NULL,25,NULL,NULL,NULL,NULL,NULL,NULL
2231512,35,NULL,NULL,NULL,NULL,NULL,NULL,31,NULL
2329714,79,NULL,NULL,NULL,52,NULL,NULL,NULL,NULL
2532674,98,NULL,43,NULL,NULL,64,NULL,NULL,NULL
2599052,73,NULL,23,NULL,NULL,NULL,NULL,NULL,NULL
2606389,43,37,NULL,NULL,NULL,NULL,NULL,NULL,NULL
2894847,26,NULL,NULL,NULL,NULL,24,NULL,NULL,NULL
3059850,83,NULL,NULL,NULL,NULL,NULL,21,22,NULL
3127653,113,NULL,NULL,NULL,28,NULL,NULL,NULL,NULL
3133418,33,NULL,33,NULL,NULL,NULL,NULL,NULL,NULL
3142625,58,NULL,NULL,NULL,NULL,31,NULL,NULL,NULL
3165438,63,49,NULL,NULL,NULL,NULL,NULL,NULL,NULL
3288493,33,NULL,26,NULL,NULL,NULL,NULL,NULL,NULL
3312425,56,NULL,NULL,NULL,NULL,33,NULL,NULL,NULL
3451339,131,NULL,NULL,27,88,NULL,NULL,NULL,NULL
3518757,121,NULL,20,NULL,NULL,NULL,NULL,NULL,NULL
3523756,40,NULL,22,NULL,NULL,24,NULL,NULL,NULL
3664123,54,NULL,NULL,NULL,36,NULL,NULL,NULL,NULL
3733481,26,24,NULL,NULL,NULL,NULL,NULL,NULL,NULL
3811108,32,NULL,23,NULL,NULL,NULL,NULL,NULL,NULL
3924118,223,NULL,33,NULL,85,NULL,NULL,NULL,24
3976630,59,NULL,24,NULL,NULL,NULL,NULL,NULL,NULL
4258834,38,NULL,NULL,NULL,24,NULL,NULL,NULL,NULL
4682815,90,NULL,NULL,46,NULL,NULL,46,42,NULL
4683166,63,NULL,40,NULL,NULL,NULL,NULL,NULL,NULL
4694781,313,NULL,NULL,167,NULL,NULL,NULL,NULL,NULL
5095128,187,NULL,NULL,84,NULL,NULL,NULL,NULL,NULL
5191073,162,29,NULL,NULL,NULL,NULL,NULL,NULL,96
5220270,91,NULL,NULL,39,NULL,NULL,41,20,NULL
5348875,224,33,NULL,NULL,NULL,NULL,NULL,NULL,51
5383767,66,NULL,NULL,32,NULL,NULL,22,NULL,NULL
5398160,54,31,NULL,NULL,NULL,NULL,NULL,NULL,NULL
5421539,293,NULL,NULL,50,NULL,31,NULL,NULL,NULL
5499302,26,NULL,NULL,NULL,26,NULL,NULL,NULL,NULL
5504718,64,NULL,NULL,21,NULL,NULL,NULL,NULL,NULL
5523066,168,NULL,NULL,85,NULL,NULL,23,NULL,NULL
5967886,59,NULL,NULL,NULL,31,NULL,NULL,NULL,NULL
6412823,197,33,NULL,37,NULL,25,32,NULL,NULL
6659095,59,NULL,NULL,NULL,28,NULL,NULL,NULL,NULL
6662773,22,NULL,NULL,NULL,NULL,NULL,NULL,20,NULL
6690200,49,NULL,49,NULL,NULL,NULL,NULL,NULL,NULL
6753906,31,NULL,NULL,NULL,20,NULL,NULL,NULL,NULL
6792646,61,NULL,NULL,24,NULL,NULL,NULL,NULL,NULL
7162477,109,NULL,NULL,NULL,NULL,NULL,NULL,35,NULL
7537454,70,NULL,NULL,59,NULL,NULL,NULL,NULL,NULL
7635909,25,20,NULL,NULL,NULL,NULL,NULL,NULL,NULL
7803448,52,NULL,NULL,NULL,NULL,38,NULL,NULL,NULL
8270077,218,NULL,NULL,NULL,111,NULL,NULL,NULL,NULL
8627559,53,NULL,NULL,NULL,46,NULL,NULL,NULL,NULL
10093744,26,24,NULL,NULL,NULL,NULL,NULL,NULL,NULL
11831806,39,NULL,NULL,NULL,22,NULL,NULL,NULL,NULL
12018720,91,NULL,NULL,40,NULL,NULL,NULL,NULL,NULL
9250482,48,29,NULL,NULL,NULL,NULL,NULL,NULL,NULL
11788255,42,NULL,NULL,NULL,40,NULL,NULL,NULL,NULL
12089796,27,NULL,NULL,NULL,25,NULL,NULL,NULL,NULL
14684140,33,NULL,NULL,NULL,27,NULL,NULL,NULL,NULL
912,67,NULL,NULL,NULL,34,NULL,NULL,NULL,NULL
1348,87,NULL,33,NULL,NULL,NULL,NULL,NULL,NULL
8368,211,33,NULL,NULL,NULL,NULL,NULL,NULL,89
12503,163,30,NULL,NULL,NULL,NULL,NULL,NULL,NULL
13005,893,NULL,32,NULL,21,NULL,NULL,NULL,501
24744,83,NULL,NULL,NULL,NULL,NULL,NULL,31,NULL
26339,86,33,NULL,NULL,NULL,NULL,NULL,NULL,NULL
53885,42,21,NULL,NULL,NULL,NULL,NULL,NULL,NULL
54426,102,NULL,22,NULL,NULL,NULL,NULL,NULL,NULL
73137,36,27,NULL,NULL,NULL,NULL,NULL,NULL,NULL
73603,160,NULL,NULL,32,NULL,NULL,NULL,NULL,NULL
100652,497,97,NULL,32,NULL,NULL,NULL,NULL,NULL
115751,256,NULL,NULL,NULL,NULL,NULL,NULL,NULL,169
126483,212,56,NULL,NULL,NULL,NULL,20,NULL,NULL
146780,795,NULL,22,NULL,NULL,NULL,NULL,NULL,644
166291,28,27,NULL,NULL,NULL,NULL,NULL,NULL,NULL
172543,62,NULL,NULL,NULL,NULL,23,NULL,NULL,20
200317,191,NULL,NULL,NULL,95,NULL,NULL,NULL,NULL
215234,179,43,NULL,NULL,NULL,NULL,NULL,NULL,NULL
225262,58,NULL,NULL,NULL,33,NULL,NULL,NULL,NULL
245552,29,NULL,NULL,NULL,NULL,NULL,NULL,21,NULL
250030,33,NULL,29,NULL,NULL,NULL,NULL,NULL,NULL
265261,289,47,NULL,67,43,NULL,32,NULL,NULL
282677,59,NULL,NULL,NULL,35,NULL,NULL,NULL,NULL
288091,102,39,NULL,NULL,NULL,NULL,NULL,NULL,NULL
290163,80,NULL,NULL,NULL,NULL,42,NULL,NULL,NULL
320724,279,210,NULL,NULL,NULL,NULL,NULL,NULL,NULL
323221,157,NULL,118,NULL,NULL,NULL,NULL,NULL,NULL
333390,236,NULL,NULL,NULL,NULL,NULL,NULL,NULL,178
354414,50,NULL,30,NULL,NULL,NULL,NULL,NULL,NULL
382485,49,24,NULL,NULL,NULL,NULL,NULL,NULL,NULL
397991,364,NULL,95,NULL,NULL,253,NULL,NULL,NULL
411540,50,NULL,20,NULL,NULL,NULL,NULL,NULL,NULL
492185,39,NULL,35,NULL,NULL,NULL,NULL,NULL,NULL
518500,123,38,NULL,NULL,NULL,NULL,NULL,NULL,NULL
533599,57,36,NULL,NULL,NULL,NULL,NULL,NULL,NULL
558397,85,NULL,NULL,NULL,45,NULL,NULL,NULL,NULL
574150,61,29,NULL,NULL,NULL,NULL,NULL,23,NULL
595208,30,20,NULL,NULL,NULL,NULL,NULL,NULL,NULL
598516,28,20,NULL,NULL,NULL,NULL,NULL,NULL,NULL
602385,29,NULL,25,NULL,NULL,NULL,NULL,NULL,NULL
657439,77,NULL,45,NULL,NULL,NULL,NULL,NULL,NULL
664230,74,NULL,NULL,NULL,NULL,44,NULL,NULL,NULL
695652,66,NULL,NULL,NULL,NULL,NULL,NULL,NULL,31
714968,50,NULL,50,NULL,NULL,NULL,NULL,NULL,NULL
715540,27,22,NULL,NULL,NULL,NULL,NULL,NULL,NULL
769384,157,NULL,NULL,NULL,NULL,NULL,NULL,21,NULL
795149,38,NULL,NULL,NULL,NULL,NULL,NULL,33,NULL
823393,98,NULL,96,NULL,NULL,NULL,NULL,NULL,NULL
908123,59,NULL,NULL,NULL,NULL,28,NULL,NULL,NULL
908425,306,NULL,51,NULL,NULL,204,NULL,37,NULL
921193,134,NULL,92,NULL,NULL,NULL,NULL,NULL,NULL
938350,168,NULL,30,NULL,NULL,47,NULL,21,NULL
956868,40,NULL,NULL,NULL,NULL,33,NULL,NULL,NULL
958429,51,NULL,NULL,NULL,NULL,NULL,NULL,46,NULL
966185,27,NULL,25,NULL,NULL,NULL,NULL,NULL,NULL
966285,47,NULL,NULL,31,NULL,NULL,NULL,NULL,NULL
971933,37,NULL,NULL,NULL,NULL,NULL,21,NULL,NULL
986012,112,NULL,NULL,29,67,NULL,NULL,NULL,NULL
1058210,43,NULL,22,NULL,NULL,NULL,NULL,NULL,NULL
1058646,73,NULL,NULL,NULL,NULL,30,NULL,NULL,NULL
1089623,83,NULL,56,NULL,NULL,NULL,NULL,NULL,NULL
1101430,23,NULL,NULL,NULL,NULL,23,NULL,NULL,NULL
1106578,24,NULL,NULL,NULL,NULL,NULL,NULL,NULL,20
1144916,87,NULL,NULL,36,NULL,NULL,30,NULL,NULL
1170677,243,NULL,102,24,NULL,NULL,NULL,NULL,NULL
1202172,82,NULL,27,NULL,NULL,NULL,NULL,NULL,NULL
1230884,83,NULL,20,NULL,NULL,53,NULL,NULL,NULL
1235362,65,NULL,53,NULL,NULL,NULL,NULL,NULL,NULL
1318115,39,NULL,NULL,20,NULL,NULL,NULL,NULL,NULL
1349569,137,NULL,NULL,NULL,46,NULL,NULL,NULL,NULL
1397442,81,NULL,NULL,NULL,37,NULL,NULL,NULL,NULL
1401620,53,NULL,NULL,NULL,NULL,NULL,21,NULL,NULL
1419064,32,NULL,NULL,NULL,NULL,NULL,NULL,26,NULL
1544001,57,NULL,NULL,NULL,NULL,46,NULL,NULL,NULL
1650200,27,NULL,20,NULL,NULL,NULL,NULL,NULL,NULL
1709964,26,NULL,NULL,NULL,NULL,21,NULL,NULL,NULL
1739744,43,NULL,NULL,31,NULL,NULL,NULL,NULL,NULL
1745385,29,23,NULL,NULL,NULL,NULL,NULL,NULL,NULL
1779688,151,NULL,NULL,NULL,NULL,NULL,NULL,37,NULL
1789573,69,NULL,NULL,29,NULL,NULL,NULL,NULL,NULL
1807557,33,NULL,NULL,NULL,25,NULL,NULL,NULL,NULL
1818762,66,NULL,NULL,NULL,NULL,34,NULL,NULL,NULL
1875850,52,NULL,49,NULL,NULL,NULL,NULL,NULL,NULL
1878558,52,NULL,NULL,20,NULL,NULL,22,NULL,NULL
1968972,416,NULL,NULL,120,NULL,NULL,NULL,NULL,39
2067567,79,22,NULL,NULL,NULL,NULL,34,NULL,NULL
2083613,61,NULL,NULL,26,NULL,NULL,NULL,NULL,NULL
2156913,74,NULL,NULL,20,NULL,NULL,NULL,23,NULL
2174770,35,NULL,NULL,20,NULL,NULL,NULL,NULL,NULL
2176708,92,NULL,NULL,NULL,NULL,92,NULL,NULL,NULL
2198400,56,NULL,NULL,NULL,NULL,33,NULL,NULL,NULL
2302854,55,NULL,NULL,NULL,NULL,32,NULL,NULL,NULL
2353219,45,NULL,NULL,NULL,NULL,NULL,NULL,37,NULL
2357697,36,NULL,NULL,28,NULL,NULL,28,NULL,NULL
2411320,550,NULL,NULL,39,NULL,NULL,33,NULL,226
2466168,90,NULL,NULL,52,NULL,NULL,NULL,NULL,NULL
2653877,75,NULL,48,NULL,NULL,NULL,NULL,NULL,NULL
2668681,93,25,NULL,NULL,NULL,NULL,NULL,NULL,NULL
2696802,52,36,NULL,NULL,NULL,NULL,NULL,NULL,NULL
2710606,36,NULL,NULL,20,NULL,NULL,23,NULL,NULL
2787184,28,NULL,22,NULL,NULL,NULL,NULL,NULL,NULL
2825079,47,NULL,NULL,NULL,22,NULL,NULL,NULL,NULL
2982518,42,NULL,20,NULL,NULL,NULL,NULL,NULL,NULL
3013861,95,NULL,NULL,22,NULL,NULL,21,52,NULL
3253896,93,NULL,NULL,NULL,NULL,65,NULL,NULL,NULL
3308837,51,NULL,NULL,NULL,NULL,51,NULL,NULL,NULL
3398315,29,28,NULL,NULL,NULL,NULL,NULL,NULL,NULL
3455146,86,NULL,NULL,NULL,NULL,85,NULL,NULL,NULL
3815432,187,NULL,NULL,50,NULL,NULL,NULL,NULL,NULL
3840159,36,28,NULL,NULL,NULL,NULL,NULL,NULL,NULL
3911832,54,NULL,NULL,NULL,28,NULL,NULL,NULL,NULL
3921158,92,NULL,NULL,NULL,NULL,40,NULL,NULL,NULL
4502075,52,NULL,NULL,NULL,39,NULL,NULL,NULL,NULL
4805305,46,NULL,NULL,NULL,25,NULL,NULL,NULL,NULL
4913108,143,NULL,NULL,NULL,29,NULL,NULL,NULL,NULL
4962535,76,NULL,NULL,NULL,21,NULL,NULL,NULL,NULL
5079255,49,NULL,NULL,NULL,23,NULL,NULL,NULL,NULL
5113188,62,NULL,37,NULL,NULL,NULL,NULL,NULL,NULL
5159284,92,NULL,NULL,NULL,27,NULL,NULL,NULL,NULL
6343685,460,NULL,71,NULL,NULL,376,NULL,NULL,NULL
6515468,56,NULL,NULL,NULL,20,NULL,NULL,NULL,NULL
6554967,59,NULL,NULL,33,NULL,NULL,NULL,20,NULL
6567467,33,NULL,NULL,NULL,20,NULL,NULL,NULL,NULL
7428434,173,NULL,NULL,53,NULL,NULL,NULL,NULL,NULL
7746263,52,NULL,NULL,25,NULL,NULL,NULL,NULL,NULL
7793861,53,NULL,NULL,43,NULL,NULL,NULL,NULL,NULL
7908852,81,NULL,24,NULL,54,NULL,NULL,NULL,NULL
8089312,24,NULL,NULL,NULL,24,NULL,NULL,NULL,NULL
8905843,47,NULL,27,NULL,NULL,NULL,NULL,NULL,NULL
9435761,40,NULL,NULL,NULL,NULL,20,NULL,NULL,NULL
9855588,75,NULL,NULL,NULL,28,NULL,NULL,NULL,NULL
9893154,37,35,NULL,NULL,NULL,NULL,NULL,NULL,NULL
5141619,57,NULL,NULL,NULL,26,NULL,NULL,NULL,NULL
5852692,77,NULL,NULL,NULL,63,NULL,NULL,NULL,NULL
6378557,222,NULL,NULL,NULL,58,NULL,NULL,NULL,NULL
6392779,64,NULL,NULL,21,NULL,NULL,NULL,22,NULL
6464893,113,NULL,NULL,NULL,108,NULL,NULL,NULL,NULL
6813231,179,NULL,NULL,NULL,NULL,83,NULL,NULL,NULL
6870037,31,NULL,NULL,NULL,31,NULL,NULL,NULL,NULL
7450286,50,NULL,NULL,NULL,NULL,NULL,NULL,31,NULL
7587176,61,NULL,NULL,NULL,44,NULL,NULL,NULL,NULL
7701524,33,NULL,NULL,NULL,NULL,NULL,20,NULL,NULL
8443899,85,NULL,NULL,25,NULL,NULL,NULL,NULL,NULL
8813179,121,NULL,NULL,89,NULL,NULL,NULL,NULL,NULL
9891285,62,NULL,NULL,NULL,25,NULL,NULL,NULL,NULL
10156802,49,39,NULL,NULL,NULL,NULL,NULL,NULL,NULL
10213158,31,23,NULL,NULL,NULL,NULL,NULL,NULL,NULL
10637736,23,NULL,NULL,NULL,20,NULL,NULL,NULL,NULL
11049364,28,NULL,NULL,NULL,23,NULL,NULL,NULL,NULL
11504069,59,NULL,NULL,NULL,32,NULL,NULL,NULL,NULL
14051878,29,NULL,NULL,22,NULL,NULL,NULL,NULL,NULL
3755933,49,NULL,43,NULL,NULL,NULL,NULL,NULL,NULL
3808877,96,NULL,33,NULL,28,NULL,NULL,NULL,NULL
4121519,74,45,NULL,NULL,NULL,NULL,NULL,NULL,NULL
4126814,68,NULL,NULL,NULL,NULL,NULL,NULL,NULL,43
4152153,136,64,NULL,NULL,29,NULL,NULL,NULL,NULL
4279201,231,NULL,25,42,NULL,NULL,NULL,NULL,44
4288993,63,NULL,NULL,53,NULL,NULL,25,NULL,NULL
4303098,106,67,NULL,NULL,NULL,NULL,NULL,NULL,NULL
4424698,68,NULL,NULL,NULL,35,NULL,NULL,NULL,NULL
4756106,40,NULL,NULL,30,NULL,NULL,NULL,NULL,NULL
4790920,34,NULL,NULL,NULL,NULL,NULL,NULL,20,NULL
4966168,49,NULL,NULL,21,NULL,NULL,NULL,NULL,NULL
5231877,77,NULL,NULL,NULL,33,NULL,NULL,NULL,NULL
5321822,41,NULL,NULL,23,NULL,NULL,NULL,NULL,NULL
5373515,79,NULL,NULL,NULL,31,NULL,NULL,NULL,NULL
5561531,22,21,NULL,NULL,NULL,NULL,NULL,NULL,NULL
5753091,38,NULL,NULL,NULL,NULL,30,NULL,NULL,NULL
5927903,100,NULL,21,NULL,20,42,NULL,NULL,NULL
6173825,24,NULL,NULL,NULL,NULL,NULL,NULL,21,NULL
6248229,73,NULL,NULL,27,NULL,NULL,NULL,NULL,NULL
6410341,48,NULL,NULL,31,NULL,NULL,22,NULL,NULL
6500085,128,NULL,26,NULL,NULL,38,NULL,NULL,NULL
6765564,40,NULL,26,NULL,NULL,NULL,NULL,NULL,NULL
7375754,34,NULL,NULL,NULL,26,NULL,NULL,NULL,NULL
7766158,88,NULL,21,NULL,30,NULL,NULL,NULL,NULL
8913983,75,NULL,NULL,NULL,69,NULL,NULL,NULL,NULL
9885747,64,NULL,NULL,NULL,50,NULL,NULL,NULL,NULL
11053801,68,NULL,NULL,NULL,34,NULL,NULL,NULL,NULL
11098908,52,NULL,NULL,NULL,46,NULL,NULL,NULL,NULL
11627637,39,NULL,NULL,27,NULL,NULL,NULL,NULL,NULL
11856751,53,NULL,NULL,NULL,20,NULL,NULL,NULL,NULL
12108254,28,23,NULL,NULL,NULL,NULL,NULL,NULL,NULL
12474157,37,NULL,NULL,NULL,36,NULL,NULL,NULL,NULL
4182417,61,NULL,NULL,NULL,NULL,NULL,NULL,21,NULL
4238587,51,30,NULL,NULL,NULL,NULL,NULL,NULL,NULL
4242499,99,NULL,32,20,NULL,NULL,NULL,NULL,NULL
4301459,75,NULL,NULL,NULL,54,NULL,NULL,NULL,NULL
4453962,55,NULL,NULL,NULL,NULL,27,NULL,NULL,NULL
4660161,30,NULL,NULL,NULL,NULL,20,NULL,NULL,NULL
4703663,304,NULL,NULL,191,NULL,NULL,94,NULL,NULL
4739210,75,NULL,24,NULL,NULL,NULL,NULL,NULL,NULL
4793408,24,NULL,NULL,NULL,24,NULL,NULL,NULL,NULL
4870602,73,49,NULL,20,NULL,NULL,22,NULL,NULL
5630536,34,NULL,20,NULL,NULL,NULL,NULL,NULL,NULL
6033289,70,NULL,NULL,22,NULL,NULL,NULL,NULL,NULL
6150310,73,NULL,NULL,NULL,54,NULL,NULL,NULL,NULL
6242883,54,NULL,NULL,NULL,32,NULL,NULL,NULL,NULL
6250518,81,47,NULL,NULL,NULL,NULL,NULL,NULL,NULL
6619447,30,NULL,NULL,NULL,21,NULL,NULL,NULL,NULL
10117868,55,NULL,NULL,NULL,32,NULL,NULL,NULL,NULL
10319470,35,NULL,26,NULL,NULL,NULL,NULL,NULL,NULL
10938315,44,NULL,NULL,NULL,29,NULL,NULL,NULL,NULL
11918118,26,NULL,NULL,23,NULL,NULL,NULL,NULL,NULL
11984583,54,NULL,NULL,NULL,NULL,48,NULL,NULL,NULL
13656045,64,NULL,NULL,NULL,63,NULL,NULL,NULL,NULL
10202729,38,NULL,NULL,NULL,23,NULL,NULL,NULL,NULL
10419791,65,NULL,NULL,NULL,46,NULL,NULL,NULL,NULL
10568263,29,NULL,NULL,NULL,25,NULL,NULL,NULL,NULL
10697551,54,NULL,NULL,24,NULL,NULL,NULL,NULL,NULL
11069614,36,NULL,NULL,NULL,31,NULL,NULL,NULL,NULL
11168443,42,NULL,NULL,NULL,26,NULL,NULL,NULL,NULL
14695007,43,NULL,NULL,NULL,43,NULL,NULL,NULL,NULL
5302,49,20,NULL,NULL,NULL,NULL,NULL,NULL,NULL
12243,52,27,NULL,NULL,NULL,NULL,NULL,NULL,NULL
13379,99,NULL,83,NULL,NULL,NULL,NULL,NULL,NULL
42620,80,30,NULL,NULL,NULL,NULL,NULL,NULL,NULL
43756,80,NULL,NULL,NULL,NULL,NULL,NULL,NULL,43
46571,96,NULL,NULL,NULL,NULL,NULL,NULL,NULL,38
48461,42,NULL,NULL,NULL,NULL,NULL,NULL,NULL,30
49018,71,NULL,NULL,NULL,22,NULL,NULL,NULL,NULL
50065,104,NULL,NULL,NULL,77,NULL,NULL,NULL,NULL
62122,58,NULL,36,NULL,NULL,NULL,NULL,NULL,NULL
69467,69,NULL,NULL,NULL,NULL,NULL,NULL,NULL,49
69803,198,NULL,89,NULL,NULL,NULL,31,NULL,NULL
74865,83,NULL,NULL,NULL,23,NULL,NULL,NULL,NULL
105167,442,NULL,24,30,130,75,NULL,NULL,NULL
125380,171,NULL,58,NULL,NULL,NULL,NULL,NULL,22
130417,92,NULL,NULL,NULL,NULL,NULL,NULL,55,NULL
130442,74,NULL,NULL,NULL,NULL,NULL,NULL,NULL,30
133418,124,NULL,NULL,NULL,NULL,NULL,36,65,NULL
162698,678,NULL,NULL,85,NULL,NULL,25,NULL,NULL
164002,112,42,NULL,NULL,NULL,NULL,NULL,NULL,NULL
176877,202,39,NULL,40,NULL,NULL,36,NULL,NULL
212595,67,NULL,NULL,NULL,NULL,NULL,NULL,44,NULL
228689,50,NULL,37,NULL,NULL,NULL,NULL,NULL,NULL
257022,360,NULL,NULL,22,NULL,NULL,32,27,NULL
257583,175,NULL,NULL,NULL,NULL,NULL,NULL,NULL,67
259130,290,26,24,NULL,45,NULL,NULL,NULL,25
265103,92,64,NULL,NULL,NULL,NULL,NULL,NULL,NULL
268236,30,24,NULL,NULL,NULL,NULL,NULL,NULL,NULL
273266,118,NULL,NULL,NULL,NULL,NULL,NULL,77,NULL
290082,42,35,NULL,NULL,NULL,NULL,NULL,NULL,NULL
302707,48,NULL,24,NULL,NULL,26,NULL,NULL,NULL
310370,73,21,NULL,NULL,NULL,NULL,NULL,NULL,NULL
321866,227,41,NULL,NULL,NULL,NULL,NULL,NULL,119
324249,133,50,42,NULL,NULL,NULL,NULL,NULL,NULL
352150,52,NULL,NULL,NULL,NULL,NULL,20,NULL,NULL
355583,253,61,NULL,28,NULL,NULL,NULL,NULL,NULL
364568,74,23,NULL,NULL,NULL,NULL,NULL,NULL,NULL
419116,173,NULL,NULL,NULL,23,NULL,NULL,NULL,NULL
448496,148,NULL,NULL,NULL,97,NULL,NULL,NULL,NULL
458610,79,NULL,NULL,NULL,NULL,NULL,NULL,29,NULL
458742,135,NULL,NULL,NULL,NULL,NULL,NULL,NULL,60
474393,42,31,NULL,NULL,NULL,NULL,NULL,NULL,NULL
478105,26,22,NULL,NULL,NULL,NULL,NULL,NULL,NULL
495796,85,NULL,32,NULL,NULL,NULL,NULL,NULL,NULL
499922,56,NULL,26,NULL,NULL,NULL,NULL,NULL,NULL
517781,206,NULL,23,NULL,NULL,NULL,NULL,NULL,NULL
570339,104,NULL,NULL,NULL,NULL,NULL,NULL,NULL,30
578588,51,NULL,NULL,NULL,NULL,NULL,NULL,39,NULL
579674,41,20,NULL,NULL,NULL,NULL,NULL,NULL,NULL
606371,152,NULL,NULL,61,NULL,NULL,NULL,33,NULL
617185,43,NULL,NULL,NULL,21,NULL,NULL,NULL,NULL
718990,44,NULL,NULL,NULL,NULL,NULL,NULL,24,NULL
762174,63,NULL,NULL,NULL,NULL,NULL,NULL,20,NULL
778418,28,NULL,NULL,NULL,NULL,27,NULL,NULL,NULL
801807,44,NULL,NULL,NULL,23,NULL,NULL,NULL,NULL
805787,66,NULL,NULL,NULL,NULL,NULL,29,NULL,NULL
811335,121,NULL,NULL,NULL,NULL,NULL,NULL,NULL,71
819916,45,NULL,42,NULL,NULL,NULL,NULL,NULL,NULL
835585,279,NULL,49,NULL,NULL,232,NULL,NULL,NULL
858431,41,37,NULL,NULL,NULL,NULL,NULL,NULL,NULL
877129,99,27,NULL,NULL,NULL,NULL,NULL,NULL,NULL
885028,37,NULL,NULL,NULL,23,NULL,NULL,NULL,NULL
888990,110,NULL,NULL,NULL,NULL,NULL,25,70,NULL
938408,39,NULL,NULL,NULL,20,NULL,NULL,NULL,NULL
984975,252,NULL,NULL,NULL,32,NULL,NULL,NULL,42
1100102,36,NULL,NULL,NULL,NULL,NULL,NULL,NULL,29
1106336,30,27,NULL,NULL,NULL,NULL,NULL,NULL,NULL
1111130,48,NULL,38,NULL,NULL,NULL,NULL,NULL,NULL
1149595,56,45,NULL,NULL,NULL,NULL,NULL,NULL,NULL
1151724,327,NULL,36,23,NULL,22,NULL,NULL,66
1153739,57,30,NULL,NULL,NULL,NULL,NULL,NULL,NULL
1154350,322,NULL,24,171,NULL,NULL,47,NULL,NULL
1170369,26,23,NULL,NULL,NULL,NULL,NULL,NULL,NULL
1269037,464,NULL,NULL,182,NULL,NULL,29,NULL,NULL
1277018,61,NULL,NULL,NULL,NULL,61,NULL,NULL,NULL
1298342,77,54,NULL,NULL,NULL,NULL,27,NULL,NULL
1305891,198,NULL,25,NULL,NULL,NULL,NULL,NULL,145
1320263,104,NULL,NULL,NULL,NULL,97,NULL,NULL,NULL
1397625,43,NULL,NULL,NULL,33,NULL,NULL,NULL,NULL
1501234,53,NULL,43,NULL,NULL,NULL,NULL,NULL,NULL
1598523,27,NULL,24,NULL,NULL,NULL,NULL,NULL,NULL
1623023,54,36,NULL,NULL,NULL,NULL,NULL,NULL,NULL
1679647,62,NULL,NULL,NULL,NULL,NULL,NULL,NULL,40
1887919,37,NULL,NULL,NULL,23,NULL,NULL,NULL,NULL
1908650,92,NULL,NULL,NULL,NULL,NULL,NULL,NULL,26
2019043,73,NULL,NULL,NULL,NULL,NULL,NULL,20,NULL
2144555,50,NULL,33,NULL,NULL,NULL,NULL,NULL,NULL
2244495,63,34,NULL,NULL,NULL,22,NULL,NULL,NULL
2320153,62,NULL,NULL,NULL,NULL,NULL,NULL,NULL,23
2331592,217,NULL,NULL,NULL,NULL,NULL,NULL,NULL,95
2395282,112,NULL,NULL,NULL,NULL,NULL,NULL,34,NULL
2426316,49,NULL,NULL,NULL,NULL,30,NULL,NULL,NULL
2487995,88,20,38,NULL,NULL,NULL,NULL,NULL,NULL
2688204,49,NULL,NULL,26,NULL,NULL,NULL,NULL,NULL
2690165,86,NULL,NULL,NULL,23,NULL,NULL,NULL,NULL
2694184,217,NULL,24,48,NULL,NULL,52,21,NULL
2713740,162,NULL,NULL,NULL,75,NULL,NULL,NULL,40
2762897,57,NULL,NULL,NULL,33,NULL,NULL,NULL,NULL
2782635,33,NULL,NULL,NULL,NULL,NULL,NULL,NULL,23
2908129,42,25,NULL,NULL,NULL,NULL,NULL,NULL,NULL
3007294,77,NULL,NULL,36,NULL,NULL,28,NULL,NULL
3310115,69,NULL,22,NULL,NULL,NULL,NULL,NULL,NULL
3373505,57,NULL,NULL,41,NULL,NULL,34,NULL,NULL
3573539,32,26,NULL,NULL,NULL,NULL,NULL,NULL,NULL
3594588,57,NULL,NULL,NULL,44,NULL,NULL,NULL,NULL
3725998,76,NULL,57,NULL,NULL,NULL,NULL,NULL,NULL
4345344,131,NULL,NULL,27,NULL,NULL,NULL,NULL,NULL
4733408,34,NULL,29,NULL,NULL,NULL,NULL,NULL,NULL
5134722,70,20,NULL,NULL,NULL,NULL,NULL,NULL,NULL
5433335,234,NULL,NULL,79,NULL,NULL,NULL,NULL,NULL
5601663,25,NULL,NULL,NULL,NULL,23,NULL,NULL,NULL
5791183,20,20,NULL,NULL,NULL,NULL,NULL,NULL,NULL
5988062,49,NULL,27,NULL,NULL,NULL,NULL,NULL,NULL
6314676,112,28,NULL,NULL,NULL,NULL,NULL,NULL,NULL
6357224,24,23,NULL,NULL,NULL,NULL,NULL,NULL,NULL
6564610,23,21,NULL,NULL,NULL,NULL,NULL,NULL,NULL
6703783,562,NULL,NULL,24,NULL,NULL,NULL,NULL,NULL
7059748,33,NULL,NULL,NULL,NULL,NULL,NULL,20,NULL
7077532,54,NULL,NULL,NULL,52,NULL,NULL,NULL,NULL
7202022,244,39,NULL,NULL,NULL,NULL,NULL,NULL,NULL
7212929,197,NULL,NULL,NULL,155,NULL,NULL,NULL,NULL
7344314,76,NULL,NULL,31,NULL,NULL,NULL,NULL,NULL
7493840,201,77,NULL,NULL,NULL,NULL,NULL,NULL,NULL
8242299,62,NULL,NULL,NULL,62,NULL,NULL,NULL,NULL
9510800,29,NULL,NULL,NULL,23,NULL,NULL,NULL,NULL
14472571,35,NULL,NULL,NULL,34,NULL,NULL,NULL,NULL
